Date,DIST_TRUE,DIST_OBS
2024-12-11,446.5363464355469,446.5363464355469
2024-12-12,447.1032104492187,447.1032104492187
2024-12-13,444.8257141113281,444.8257141113281
2024-12-16,449.1221008300781,449.1221008300781
2024-12-17,451.9764099121094,451.9764099121094
2024-12-18,434.999755859375,434.999755859375
2024-12-19,434.6416931152344,434.6416931152344
2024-12-20,434.2140808105469,434.2140808105469
2024-12-23,432.8714294433594,432.8714294433594
2024-12-24,436.9291076660156,436.9291076660156
2024-12-26,435.7157897949219,435.7157897949219
2024-12-27,428.1772155761719,428.1772155761719
2024-12-30,422.50836181640625,422.50836181640625
2024-12-31,419.1965637207031,419.1965637207031
2025-01-02,416.2925109863281,416.2925109863281
2025-01-03,421.0364379882813,421.0364379882813
2025-01-06,425.5118713378906,425.5118713378906
2025-01-07,420.0617980957031,420.0617980957031
2025-01-08,422.23980712890625,422.23980712890625
2025-01-10,416.6604919433594,416.6604919433594
2025-01-13,414.9101257324219,414.9101257324219
2025-01-14,413.3984375,413.3984375
2025-01-15,423.9802551269531,423.9802551269531
2025-01-16,422.25970458984375,422.25970458984375
2025-01-17,426.6853942871094,426.6853942871094
2025-01-21,426.1583251953125,426.1583251953125
2025-01-22,443.7615966796875,443.7615966796875
2025-01-23,444.2687683105469,444.2687683105469
2025-01-24,441.63330078125,441.63330078125
2025-01-27,432.1851806640625,432.1851806640625
2025-01-28,444.7561340332031,444.7561340332031
2025-01-29,439.9126892089844,439.9126892089844
2025-01-30,412.7221374511719,412.7221374511719
2025-01-31,412.791748046875,412.791748046875
2025-02-03,408.6744384765625,408.6744384765625
2025-02-04,410.116455078125,410.116455078125
2025-02-05,411.0314331054687,411.0314331054687
2025-02-06,413.5475769042969,413.5475769042969
2025-02-07,407.5107727050781,407.5107727050781
2025-02-10,409.96728515625,409.96728515625
2025-02-11,409.1915588378906,409.1915588378906
2025-02-12,406.80462646484375,406.80462646484375
2025-02-13,408.29644775390625,408.29644775390625
2025-02-14,406.1979675292969,406.1979675292969
2025-02-18,407.4013671875,407.4013671875
2025-02-19,412.5033264160156,412.5033264160156
2025-02-20,414.6857604980469,414.6857604980469
2025-02-21,406.793212890625,406.793212890625
2025-02-24,402.5978393554687,402.5978393554687
2025-02-25,396.51898193359375,396.51898193359375
2025-02-26,398.3426513671875,398.3426513671875
2025-02-27,391.1676635742187,391.1676635742187
2025-02-28,395.6121520996094,395.6121520996094
2025-03-03,387.14166259765625,387.14166259765625
2025-03-04,387.26123046875,387.26123046875
2025-03-05,399.628173828125,399.628173828125
2025-03-06,395.5125427246094,395.5125427246094
2025-03-07,391.9449462890625,391.9449462890625
2025-03-10,378.8406066894531,378.8406066894531
2025-03-11,379.1295776367187,379.1295776367187
2025-03-12,381.9397888183594,381.9397888183594
2025-03-13,377.4553833007813,377.4553833007813
2025-03-14,387.21142578125,387.21142578125
2025-03-17,387.3509521484375,387.3509521484375
2025-03-18,382.18890380859375,382.18890380859375
2025-03-19,386.4740295410156,386.4740295410156
2025-03-20,385.4973754882813,385.4973754882813
2025-03-21,389.9020690917969,389.9020690917969
2025-03-24,391.7157287597656,391.7157287597656
2025-03-25,393.7885437011719,393.7885437011719
2025-03-26,388.6165466308594,388.6165466308594
2025-03-27,389.2243957519531,389.2243957519531
2025-03-28,377.48529052734375,377.48529052734375
2025-03-31,374.087158203125,374.087158203125
2025-04-01,380.8635559082031,380.8635559082031
2025-04-02,380.813720703125,380.813720703125
2025-04-03,371.8150329589844,371.8150329589844
2025-04-04,358.59112548828125,358.59112548828125
2025-04-07,356.61798095703125,356.61798095703125
2025-04-08,353.3294372558594,353.3294372558594
2025-04-09,389.13470458984375,389.13470458984375
2025-04-10,380.0264587402344,380.0264587402344
2025-04-11,387.1018371582031,387.1018371582031
2025-04-14,386.4640197753906,386.4640197753906
2025-04-15,384.3912658691406,384.3912658691406
2025-04-16,370.32025146484375,370.32025146484375
2025-04-17,366.5035400390625,366.5035400390625
2025-04-21,357.87359619140625,357.87359619140625
2025-04-22,365.5469055175781,365.5469055175781
2025-04-23,373.0906066894531,373.0906066894531
2025-04-24,385.9557800292969,385.9557800292969
2025-04-25,390.4900207519531,390.4900207519531
2025-04-28,389.8023986816406,389.8023986816406
2025-04-29,392.67242431640625,392.67242431640625
2025-04-30,393.88818359375,393.88818359375
2025-05-01,423.9235534667969,423.9235534667969
2025-05-02,433.769287109375,433.769287109375
2025-05-05,434.65618896484375,434.65618896484375
2025-05-06,431.8061218261719,431.8061218261719
2025-05-07,431.8459777832031,431.8459777832031
2025-05-08,436.6492614746094,436.6492614746094
2025-05-09,437.2073364257813,437.2073364257813
2025-05-12,447.70074462890625,447.70074462890625
2025-05-13,447.5812072753906,447.5812072753906
2025-05-14,451.3679809570313,451.3679809570313
2025-05-15,452.3863220214844,452.3863220214844
2025-05-16,453.5244445800781,453.5244445800781
2025-05-19,458.1168823242187,458.1168823242187
2025-05-20,457.4180603027344,457.4180603027344
2025-05-21,451.8272399902344,451.8272399902344
2025-05-22,454.1134643554687,454.1134643554687
2025-05-23,449.441162109375,449.441162109375
2025-05-27,459.9338989257813,459.9338989257813
2025-05-28,456.609375,456.609375
2025-05-29,457.9272155761719,457.9272155761719
2025-05-30,459.60443115234375,459.60443115234375
2025-06-02,461.2118225097656,461.2118225097656
2025-06-03,462.2101745605469,462.2101745605469
2025-06-04,463.1086730957031,463.1086730957031
2025-06-05,466.9124145507813,466.9124145507813
2025-06-06,469.6080017089844,469.6080017089844
2025-06-09,471.97412109375,435.2156783136029
2025-06-10,470.1471252441406,398.75090782143616
2025-06-11,471.8443298339844,368.8777851332591
2025-06-12,478.0840759277344,347.2606622883058
2025-06-13,474.1804809570313,324.65283306878297
2025-06-16,478.3536376953125,315.1275280463075
2025-06-17,477.25543212890625,310.2160308837891
2025-06-18,479.4518127441406,315.85097856748814
2025-06-20,476.6164855957031,326.32067018792657
2025-06-23,485.2023620605469,352.4310933511714
2025-06-24,489.30560302734375,382.52863430938334
2025-06-25,491.4620666503906,416.8289769609407
2025-06-26,496.6335754394531,457.95459697515537
2025-06-27,495.1260681152344,495.1260681152344
2025-06-30,496.5936584472656,496.5936584472656
2025-07-01,491.242431640625,491.242431640625
2025-07-02,490.2840270996094,490.2840270996094
2025-07-03,498.0213012695313,498.0213012695313
2025-07-07,496.9031372070313,496.9031372070313
2025-07-08,495.804931640625,495.804931640625
2025-07-09,502.68365478515625,502.68365478515625
2025-07-10,500.656982421875,500.656982421875
2025-07-11,502.4939575195313,502.4939575195313
2025-07-14,502.1944274902344,502.1944274902344
2025-07-15,504.9898376464844,504.9898376464844
2025-07-16,504.7901611328125,504.7901611328125
2025-07-17,510.8601989746094,510.8601989746094
2025-07-18,509.212890625,509.212890625
2025-07-21,509.2228698730469,509.2228698730469
2025-07-22,504.4407348632813,504.4407348632813
2025-07-23,505.0397644042969,505.0397644042969
2025-07-24,510.0415344238281,510.0415344238281
2025-07-25,512.866943359375,512.866943359375
2025-07-28,511.6588745117187,511.6588745117187
2025-07-29,511.728759765625,511.728759765625
2025-07-30,512.3976440429688,512.3976440429688
2025-07-31,532.6243896484375,532.6243896484375
2025-08-01,523.2498168945312,523.2498168945312
2025-08-04,534.7609252929688,534.7609252929688
2025-08-05,526.8838500976562,526.8838500976562
2025-08-06,524.0784912109375,524.0784912109375
2025-08-07,519.9852294921875,519.9852294921875
2025-08-08,521.1832275390625,521.1832275390625
2025-08-11,520.9136962890625,520.9136962890625
2025-08-12,528.3713989257812,528.3713989257812
2025-08-13,519.7256469726562,519.7256469726562
2025-08-14,521.6224975585938,521.6224975585938
2025-08-15,519.3162841796875,519.3162841796875
2025-08-18,516.2512817382812,516.2512817382812
2025-08-19,508.933349609375,508.933349609375
2025-08-20,504.8900146484375,504.8900146484375
2025-08-21,504.239990234375,504.239990234375
2025-08-22,507.2300109863281,507.2300109863281
2025-08-25,504.260009765625,504.260009765625
2025-08-26,502.0400085449219,502.0400085449219
2025-08-27,506.739990234375,506.739990234375
2025-08-28,509.6400146484375,509.6400146484375
2025-08-29,506.69000244140625,506.69000244140625
2025-09-02,505.1199951171875,505.1199951171875
2025-09-03,505.3500061035156,505.3500061035156
2025-09-04,507.9700012207031,507.9700012207031
2025-09-05,495.0,495.0
2025-09-08,498.2000122070313,498.2000122070313
2025-09-09,498.4100036621094,498.4100036621094
2025-09-10,500.3699951171875,500.3699951171875
2025-09-11,501.010009765625,501.010009765625
2025-09-12,509.8999938964844,509.8999938964844
2025-09-15,515.3599853515625,515.3599853515625
2025-09-16,509.0400085449219,509.0400085449219
2025-09-17,510.0199890136719,510.0199890136719
2025-09-18,508.4500122070313,508.4500122070313
2025-09-19,517.9299926757812,517.9299926757812
2025-09-22,514.4500122070312,514.4500122070312
2025-09-23,509.2300109863281,509.2300109863281
2025-09-24,510.1499938964844,510.1499938964844
2025-09-25,507.0299987792969,507.0299987792969
2025-09-26,511.4599914550781,511.4599914550781
2025-09-29,514.5999755859375,514.5999755859375
2025-09-30,517.9500122070312,517.9500122070312
